{
    "uuid": "0a9df952-1507-48ab-b71e-3f9f73d9c253",
    "uid": "100093399152643",
    "level": 0,
    "exp": 0,
    "gold": 10000000,
    "stamina": {
        "remaining": 100,
        "max": 100
    },
    "location": {
        "id": 3
    },
    "spin": {
        "remaining": 50,
        "max": 50,
        "last_update": 1713946332639
    },
    "lands": {
        "crops": [
            [
                [
                    null,
                    null,
                    null,
                    null,
                    null
                ],
                [
                    null,
                    null,
                    null,
                    null,
                    null
                ],
                [
                    null,
                    null,
                    null,
                    null,
                    null
                ],
                [
                    null,
                    null,
                    null,
                    null,
                    null
                ]
            ],
            [
                [
                    null,
                    null,
                    null,
                    null,
                    null
                ],
                [
                    null,
                    null,
                    null,
                    null,
                    null
                ],
                [
                    null,
                    null,
                    null,
                    null,
                    null
                ],
                [
                    null,
                    null,
                    null,
                    null,
                    null
                ]
            ]
        ]
    },
    "bag": [
        [
            null,
            null,
            null,
            null,
            null,
            null,
            null,
            null,
            null,
            null,
            null,
            null
        ],
        [
            null,
            null,
            null,
            null,
            null,
            null,
            null,
            null,
            null,
            null,
            null,
            null
        ],
        [
            null,
            null,
            null,
            null,
            null,
            null,
            null,
            null,
            null,
            null,
            null,
            null
        ]
    ],
    "chest": [
        [
            null,
            null,
            null,
            null,
            null,
            null,
            null,
            null,
            null,
            null,
            null,
            null
        ],
        [
            null,
            null,
            null,
            null,
            null,
            null,
            null,
            null,
            null,
            null,
            null,
            null
        ],
        [
            null,
            null,
            null,
            null,
            null,
            null,
            null,
            null,
            null,
            null,
            null,
            null
        ]
    ],
    "timestamp": 1713928176533
}